-- MySQL dump 10.14  Distrib 5.5.64-MariaDB, for Linux (x86_64)
--
-- Host: localhost    Database: pdns
-- ------------------------------------------------------
-- Server version	5.5.64-MariaDB

/*!40101 SET @OLD_CHARACTER_SET_CLIENT=@@CHARACTER_SET_CLIENT */;
/*!40101 SET @OLD_CHARACTER_SET_RESULTS=@@CHARACTER_SET_RESULTS */;
/*!40101 SET @OLD_COLLATION_CONNECTION=@@COLLATION_CONNECTION */;
/*!40101 SET NAMES utf8 */;
/*!40103 SET @OLD_TIME_ZONE=@@TIME_ZONE */;
/*!40103 SET TIME_ZONE='+00:00' */;
/*!40014 SET @OLD_UNIQUE_CHECKS=@@UNIQUE_CHECKS, UNIQUE_CHECKS=0 */;
/*!40014 SET @OLD_FOREIGN_KEY_CHECKS=@@FOREIGN_KEY_CHECKS, FOREIGN_KEY_CHECKS=0 */;
/*!40101 SET @OLD_SQL_MODE=@@SQL_MODE, SQL_MODE='NO_AUTO_VALUE_ON_ZERO' */;
/*!40111 SET @OLD_SQL_NOTES=@@SQL_NOTES, SQL_NOTES=0 */;

--
-- Table structure for table `comments`
--

DROP TABLE IF EXISTS `comments`;
/*!40101 SET @saved_cs_client     = @@character_set_client */;
/*!40101 SET character_set_client = utf8 */;
CREATE TABLE `comments` (
  `id` int(11) NOT NULL AUTO_INCREMENT,
  `domain_id` int(11) NOT NULL,
  `name` varchar(255) NOT NULL,
  `type` varchar(10) NOT NULL,
  `modified_at` int(11) NOT NULL,
  `account` varchar(40) NOT NULL,
  `comment` varchar(64000) NOT NULL,
  PRIMARY KEY (`id`),
  KEY `comments_domain_id_idx` (`domain_id`),
  KEY `comments_name_type_idx` (`name`,`type`),
  KEY `comments_order_idx` (`domain_id`,`modified_at`)
) ENGINE=InnoDB DEFAULT CHARSET=latin1;
/*!40101 SET character_set_client = @saved_cs_client */;

--
-- Dumping data for table `comments`
--

LOCK TABLES `comments` WRITE;
/*!40000 ALTER TABLE `comments` DISABLE KEYS */;
/*!40000 ALTER TABLE `comments` ENABLE KEYS */;
UNLOCK TABLES;

--
-- Table structure for table `cryptokeys`
--

DROP TABLE IF EXISTS `cryptokeys`;
/*!40101 SET @saved_cs_client     = @@character_set_client */;
/*!40101 SET character_set_client = utf8 */;
CREATE TABLE `cryptokeys` (
  `id` int(11) NOT NULL AUTO_INCREMENT,
  `domain_id` int(11) NOT NULL,
  `flags` int(11) NOT NULL,
  `active` tinyint(1) DEFAULT NULL,
  `content` text,
  PRIMARY KEY (`id`),
  KEY `domainidindex` (`domain_id`)
) ENGINE=InnoDB DEFAULT CHARSET=latin1;
/*!40101 SET character_set_client = @saved_cs_client */;

--
-- Dumping data for table `cryptokeys`
--

LOCK TABLES `cryptokeys` WRITE;
/*!40000 ALTER TABLE `cryptokeys` DISABLE KEYS */;
/*!40000 ALTER TABLE `cryptokeys` ENABLE KEYS */;
UNLOCK TABLES;

--
-- Table structure for table `domainmetadata`
--

DROP TABLE IF EXISTS `domainmetadata`;
/*!40101 SET @saved_cs_client     = @@character_set_client */;
/*!40101 SET character_set_client = utf8 */;
CREATE TABLE `domainmetadata` (
  `id` int(11) NOT NULL AUTO_INCREMENT,
  `domain_id` int(11) NOT NULL,
  `kind` varchar(32) DEFAULT NULL,
  `content` text,
  PRIMARY KEY (`id`),
  KEY `domainmetadata_idx` (`domain_id`,`kind`)
) ENGINE=InnoDB DEFAULT CHARSET=latin1;
/*!40101 SET character_set_client = @saved_cs_client */;

--
-- Dumping data for table `domainmetadata`
--

LOCK TABLES `domainmetadata` WRITE;
/*!40000 ALTER TABLE `domainmetadata` DISABLE KEYS */;
/*!40000 ALTER TABLE `domainmetadata` ENABLE KEYS */;
UNLOCK TABLES;

--
-- Table structure for table `domains`
--

DROP TABLE IF EXISTS `domains`;
/*!40101 SET @saved_cs_client     = @@character_set_client */;
/*!40101 SET character_set_client = utf8 */;
CREATE TABLE `domains` (
  `id` int(11) NOT NULL AUTO_INCREMENT,
  `name` varchar(255) NOT NULL,
  `master` varchar(128) DEFAULT NULL,
  `last_check` int(11) DEFAULT NULL,
  `type` varchar(6) NOT NULL,
  `notified_serial` int(11) DEFAULT NULL,
  `account` varchar(40) DEFAULT NULL,
  PRIMARY KEY (`id`),
  UNIQUE KEY `name_index` (`name`)
) ENGINE=InnoDB AUTO_INCREMENT=4 DEFAULT CHARSET=latin1;
/*!40101 SET character_set_client = @saved_cs_client */;

--
-- Dumping data for table `domains`
--

LOCK TABLES `domains` WRITE;
/*!40000 ALTER TABLE `domains` DISABLE KEYS */;
INSERT INTO `domains` VALUES (1,'lab.local',NULL,NULL,'MASTER',2019120314,NULL),(2,'56.168.192.in-addr.arpa',NULL,NULL,'MASTER',2019120303,NULL),(3,'33.168.192.in-addr.arpa',NULL,NULL,'MASTER',2019120307,NULL);
/*!40000 ALTER TABLE `domains` ENABLE KEYS */;
UNLOCK TABLES;

--
-- Table structure for table `migrations`
--

DROP TABLE IF EXISTS `migrations`;
/*!40101 SET @saved_cs_client     = @@character_set_client */;
/*!40101 SET character_set_client = utf8 */;
CREATE TABLE `migrations` (
  `domain_id` varchar(255) NOT NULL,
  `record_id` int(11) NOT NULL
) ENGINE=InnoDB DEFAULT CHARSET=latin1;
/*!40101 SET character_set_client = @saved_cs_client */;

--
-- Dumping data for table `migrations`
--

LOCK TABLES `migrations` WRITE;
/*!40000 ALTER TABLE `migrations` DISABLE KEYS */;
/*!40000 ALTER TABLE `migrations` ENABLE KEYS */;
UNLOCK TABLES;

--
-- Table structure for table `perm_items`
--

DROP TABLE IF EXISTS `perm_items`;
/*!40101 SET @saved_cs_client     = @@character_set_client */;
/*!40101 SET character_set_client = utf8 */;
CREATE TABLE `perm_items` (
  `id` int(11) NOT NULL AUTO_INCREMENT,
  `name` varchar(64) NOT NULL,
  `descr` varchar(1024) NOT NULL,
  PRIMARY KEY (`id`)
) ENGINE=InnoDB AUTO_INCREMENT=62 DEFAULT CHARSET=latin1;
/*!40101 SET character_set_client = @saved_cs_client */;

--
-- Dumping data for table `perm_items`
--

LOCK TABLES `perm_items` WRITE;
/*!40000 ALTER TABLE `perm_items` DISABLE KEYS */;
INSERT INTO `perm_items` VALUES (41,'zone_master_add','User is allowed to add new master zones.'),(42,'zone_slave_add','User is allowed to add new slave zones.'),(43,'zone_content_view_own','User is allowed to see the content and meta data of zones he owns.'),(44,'zone_content_edit_own','User is allowed to edit the content of zones he owns.'),(45,'zone_meta_edit_own','User is allowed to edit the meta data of zones he owns.'),(46,'zone_content_view_others','User is allowed to see the content and meta data of zones he does not own.'),(47,'zone_content_edit_others','User is allowed to edit the content of zones he does not own.'),(48,'zone_meta_edit_others','User is allowed to edit the meta data of zones he does not own.'),(49,'search','User is allowed to perform searches.'),(50,'supermaster_view','User is allowed to view supermasters.'),(51,'supermaster_add','User is allowed to add new supermasters.'),(52,'supermaster_edit','User is allowed to edit supermasters.'),(53,'user_is_ueberuser','User has full access. God-like. Redeemer.'),(54,'user_view_others','User is allowed to see other users and their details.'),(55,'user_add_new','User is allowed to add new users.'),(56,'user_edit_own','User is allowed to edit their own details.'),(57,'user_edit_others','User is allowed to edit other users.'),(58,'user_passwd_edit_others','User is allowed to edit the password of other users.'),(59,'user_edit_templ_perm','User is allowed to change the permission template that is assigned to a user.'),(60,'templ_perm_add','User is allowed to add new permission templates.'),(61,'templ_perm_edit','User is allowed to edit existing permission templates.');
/*!40000 ALTER TABLE `perm_items` ENABLE KEYS */;
UNLOCK TABLES;

--
-- Table structure for table `perm_templ`
--

DROP TABLE IF EXISTS `perm_templ`;
/*!40101 SET @saved_cs_client     = @@character_set_client */;
/*!40101 SET character_set_client = utf8 */;
CREATE TABLE `perm_templ` (
  `id` int(11) NOT NULL AUTO_INCREMENT,
  `name` varchar(128) NOT NULL,
  `descr` varchar(1024) NOT NULL,
  PRIMARY KEY (`id`)
) ENGINE=InnoDB AUTO_INCREMENT=2 DEFAULT CHARSET=latin1;
/*!40101 SET character_set_client = @saved_cs_client */;

--
-- Dumping data for table `perm_templ`
--

LOCK TABLES `perm_templ` WRITE;
/*!40000 ALTER TABLE `perm_templ` DISABLE KEYS */;
INSERT INTO `perm_templ` VALUES (1,'Administrator','Administrator template with full rights.');
/*!40000 ALTER TABLE `perm_templ` ENABLE KEYS */;
UNLOCK TABLES;

--
-- Table structure for table `perm_templ_items`
--

DROP TABLE IF EXISTS `perm_templ_items`;
/*!40101 SET @saved_cs_client     = @@character_set_client */;
/*!40101 SET character_set_client = utf8 */;
CREATE TABLE `perm_templ_items` (
  `id` int(11) NOT NULL AUTO_INCREMENT,
  `templ_id` int(4) NOT NULL,
  `perm_id` int(4) NOT NULL,
  PRIMARY KEY (`id`)
) ENGINE=InnoDB AUTO_INCREMENT=2 DEFAULT CHARSET=latin1;
/*!40101 SET character_set_client = @saved_cs_client */;

--
-- Dumping data for table `perm_templ_items`
--

LOCK TABLES `perm_templ_items` WRITE;
/*!40000 ALTER TABLE `perm_templ_items` DISABLE KEYS */;
INSERT INTO `perm_templ_items` VALUES (1,1,53);
/*!40000 ALTER TABLE `perm_templ_items` ENABLE KEYS */;
UNLOCK TABLES;

--
-- Table structure for table `records`
--

DROP TABLE IF EXISTS `records`;
/*!40101 SET @saved_cs_client     = @@character_set_client */;
/*!40101 SET character_set_client = utf8 */;
CREATE TABLE `records` (
  `id` bigint(20) NOT NULL AUTO_INCREMENT,
  `domain_id` int(11) DEFAULT NULL,
  `name` varchar(255) DEFAULT NULL,
  `type` varchar(10) DEFAULT NULL,
  `content` varchar(64000) DEFAULT NULL,
  `ttl` int(11) DEFAULT NULL,
  `prio` int(11) DEFAULT NULL,
  `change_date` int(11) DEFAULT NULL,
  `disabled` tinyint(1) DEFAULT '0',
  `ordername` varchar(255) CHARACTER SET latin1 COLLATE latin1_bin DEFAULT NULL,
  `auth` tinyint(1) DEFAULT '1',
  PRIMARY KEY (`id`),
  KEY `nametype_index` (`name`,`type`),
  KEY `domain_id` (`domain_id`),
  KEY `recordorder` (`domain_id`,`ordername`)
) ENGINE=InnoDB AUTO_INCREMENT=37 DEFAULT CHARSET=latin1;
/*!40101 SET character_set_client = @saved_cs_client */;

--
-- Dumping data for table `records`
--

LOCK TABLES `records` WRITE;
/*!40000 ALTER TABLE `records` DISABLE KEYS */;
INSERT INTO `records` VALUES (1,1,'lab.local','SOA','ns1.lab.local hostmaster@lab.local 2019120314 28800 7200 604800 86400',86400,0,1524835601,0,NULL,1),(2,1,'ns1.lab.local','A','192.168.33.2',3600,0,1575331393,0,NULL,1),(3,1,'lab.local','NS','ns1.lab.local',3600,0,1575331393,0,NULL,1),(4,2,'56.168.192.in-addr.arpa','SOA','ns1.lab.local hostmaster@lab.local 2019120303 28800 7200 604800 86400',86400,0,1525178462,0,NULL,1),(5,3,'33.168.192.in-addr.arpa','SOA','ns1.lab.local hostmaster@lab.local 2019120308 28800 7200 604800 86400',86400,0,1525178468,0,NULL,1),(6,2,'13.56.168.192.in-addr.arpa','PTR','web.lab.local',3600,0,1575331875,0,NULL,1),(7,3,'2.33.168.192.in-addr.arpa','PTR','ns1.lab.local',3600,0,1575331832,0,NULL,1),(8,1,'web.lab.local','A','192.168.56.13',3600,0,1575331393,0,NULL,1),(9,3,'201.33.168.192.in-addr.arpa','PTR','web1.lab.local',3600,0,1575331832,0,NULL,1),(10,1,'web1.lab.local','A','192.168.33.201',3600,0,1575331422,0,NULL,1),(11,3,'202.33.168.192.in-addr.arpa','PTR','web2.lab.local',3600,0,1575331832,0,NULL,1),(12,1,'web2.lab.local','A','192.168.33.202',3600,0,1575331437,0,NULL,1),(13,3,'11.33.168.192.in-addr.arpa','PTR','lb1.lab.local',3600,0,1575331832,0,NULL,1),(14,1,'lb1.lab.local','A','192.168.33.11',3600,0,1575331475,0,NULL,1),(15,3,'12.33.168.192.in-addr.arpa','PTR','lb2.lab.local',3600,0,1575331832,0,NULL,1),(16,1,'lb2.lab.local','A','192.168.33.12',3600,0,1575331483,0,NULL,1),(17,3,'5.33.168.192.in-addr.arpa','PTR','mon.lab.local',3600,0,1575331920,0,NULL,1),(18,1,'mon.lab.local','A','192.168.33.5',3600,0,1575331494,0,NULL,1);
/*!40000 ALTER TABLE `records` ENABLE KEYS */;
UNLOCK TABLES;

--
-- Table structure for table `records_zone_templ`
--

DROP TABLE IF EXISTS `records_zone_templ`;
/*!40101 SET @saved_cs_client     = @@character_set_client */;
/*!40101 SET character_set_client = utf8 */;
CREATE TABLE `records_zone_templ` (
  `domain_id` int(11) NOT NULL,
  `record_id` int(11) NOT NULL,
  `zone_templ_id` int(11) NOT NULL
) ENGINE=InnoDB DEFAULT CHARSET=latin1;
/*!40101 SET character_set_client = @saved_cs_client */;

--
-- Dumping data for table `records_zone_templ`
--

LOCK TABLES `records_zone_templ` WRITE;
/*!40000 ALTER TABLE `records_zone_templ` DISABLE KEYS */;
/*!40000 ALTER TABLE `records_zone_templ` ENABLE KEYS */;
UNLOCK TABLES;

--
-- Table structure for table `supermasters`
--

DROP TABLE IF EXISTS `supermasters`;
/*!40101 SET @saved_cs_client     = @@character_set_client */;
/*!40101 SET character_set_client = utf8 */;
CREATE TABLE `supermasters` (
  `ip` varchar(64) NOT NULL,
  `nameserver` varchar(255) NOT NULL,
  `account` varchar(40) NOT NULL,
  PRIMARY KEY (`ip`,`nameserver`)
) ENGINE=InnoDB DEFAULT CHARSET=latin1;
/*!40101 SET character_set_client = @saved_cs_client */;

--
-- Dumping data for table `supermasters`
--

LOCK TABLES `supermasters` WRITE;
/*!40000 ALTER TABLE `supermasters` DISABLE KEYS */;
/*!40000 ALTER TABLE `supermasters` ENABLE KEYS */;
UNLOCK TABLES;

--
-- Table structure for table `tsigkeys`
--

DROP TABLE IF EXISTS `tsigkeys`;
/*!40101 SET @saved_cs_client     = @@character_set_client */;
/*!40101 SET character_set_client = utf8 */;
CREATE TABLE `tsigkeys` (
  `id` int(11) NOT NULL AUTO_INCREMENT,
  `name` varchar(255) DEFAULT NULL,
  `algorithm` varchar(50) DEFAULT NULL,
  `secret` varchar(255) DEFAULT NULL,
  PRIMARY KEY (`id`),
  UNIQUE KEY `namealgoindex` (`name`,`algorithm`)
) ENGINE=InnoDB DEFAULT CHARSET=latin1;
/*!40101 SET character_set_client = @saved_cs_client */;

--
-- Dumping data for table `tsigkeys`
--

LOCK TABLES `tsigkeys` WRITE;
/*!40000 ALTER TABLE `tsigkeys` DISABLE KEYS */;
/*!40000 ALTER TABLE `tsigkeys` ENABLE KEYS */;
UNLOCK TABLES;

--
-- Table structure for table `users`
--

DROP TABLE IF EXISTS `users`;
/*!40101 SET @saved_cs_client     = @@character_set_client */;
/*!40101 SET character_set_client = utf8 */;
CREATE TABLE `users` (
  `id` int(11) NOT NULL AUTO_INCREMENT,
  `username` varchar(64) NOT NULL,
  `password` varchar(128) NOT NULL,
  `fullname` varchar(255) NOT NULL,
  `email` varchar(255) NOT NULL,
  `description` varchar(1024) NOT NULL,
  `perm_templ` int(1) NOT NULL,
  `active` int(1) NOT NULL,
  `use_ldap` int(1) NOT NULL,
  PRIMARY KEY (`id`)
) ENGINE=InnoDB AUTO_INCREMENT=2 DEFAULT CHARSET=latin1;
/*!40101 SET character_set_client = @saved_cs_client */;

--
-- Dumping data for table `users`
--

LOCK TABLES `users` WRITE;
/*!40000 ALTER TABLE `users` DISABLE KEYS */;
INSERT INTO `users` VALUES (1,'admin','dad3a37aa9d50688b5157698acfd7aee','Administrator','admin@example.net','Administrator with full rights.',1,1,0);
/*!40000 ALTER TABLE `users` ENABLE KEYS */;
UNLOCK TABLES;

--
-- Table structure for table `zone_templ`
--

DROP TABLE IF EXISTS `zone_templ`;
/*!40101 SET @saved_cs_client     = @@character_set_client */;
/*!40101 SET character_set_client = utf8 */;
CREATE TABLE `zone_templ` (
  `id` int(11) NOT NULL AUTO_INCREMENT,
  `name` varchar(128) NOT NULL,
  `descr` varchar(1024) NOT NULL,
  `owner` int(11) NOT NULL,
  PRIMARY KEY (`id`)
) ENGINE=InnoDB DEFAULT CHARSET=latin1;
/*!40101 SET character_set_client = @saved_cs_client */;

--
-- Dumping data for table `zone_templ`
--

LOCK TABLES `zone_templ` WRITE;
/*!40000 ALTER TABLE `zone_templ` DISABLE KEYS */;
/*!40000 ALTER TABLE `zone_templ` ENABLE KEYS */;
UNLOCK TABLES;

--
-- Table structure for table `zone_templ_records`
--

DROP TABLE IF EXISTS `zone_templ_records`;
/*!40101 SET @saved_cs_client     = @@character_set_client */;
/*!40101 SET character_set_client = utf8 */;
CREATE TABLE `zone_templ_records` (
  `id` int(11) NOT NULL AUTO_INCREMENT,
  `zone_templ_id` int(11) NOT NULL,
  `name` varchar(255) NOT NULL,
  `type` varchar(6) NOT NULL,
  `content` varchar(255) NOT NULL,
  `ttl` int(11) NOT NULL,
  `prio` int(11) NOT NULL,
  PRIMARY KEY (`id`)
) ENGINE=InnoDB DEFAULT CHARSET=latin1;
/*!40101 SET character_set_client = @saved_cs_client */;

--
-- Dumping data for table `zone_templ_records`
--

LOCK TABLES `zone_templ_records` WRITE;
/*!40000 ALTER TABLE `zone_templ_records` DISABLE KEYS */;
/*!40000 ALTER TABLE `zone_templ_records` ENABLE KEYS */;
UNLOCK TABLES;

--
-- Table structure for table `zones`
--

DROP TABLE IF EXISTS `zones`;
/*!40101 SET @saved_cs_client     = @@character_set_client */;
/*!40101 SET character_set_client = utf8 */;
CREATE TABLE `zones` (
  `id` int(4) NOT NULL AUTO_INCREMENT,
  `domain_id` int(4) NOT NULL,
  `owner` int(4) NOT NULL,
  `comment` varchar(1024) DEFAULT NULL,
  `zone_templ_id` int(4) NOT NULL,
  PRIMARY KEY (`id`)
) ENGINE=InnoDB AUTO_INCREMENT=4 DEFAULT CHARSET=latin1;
/*!40101 SET character_set_client = @saved_cs_client */;

--
-- Dumping data for table `zones`
--

LOCK TABLES `zones` WRITE;
/*!40000 ALTER TABLE `zones` DISABLE KEYS */;
INSERT INTO `zones` VALUES (1,1,1,'',0),(2,2,1,'',0),(3,3,1,'',0);
/*!40000 ALTER TABLE `zones` ENABLE KEYS */;
UNLOCK TABLES;
/*!40103 SET TIME_ZONE=@OLD_TIME_ZONE */;

/*!40101 SET SQL_MODE=@OLD_SQL_MODE */;
/*!40014 SET FOREIGN_KEY_CHECKS=@OLD_FOREIGN_KEY_CHECKS */;
/*!40014 SET UNIQUE_CHECKS=@OLD_UNIQUE_CHECKS */;
/*!40101 SET CHARACTER_SET_CLIENT=@OLD_CHARACTER_SET_CLIENT */;
/*!40101 SET CHARACTER_SET_RESULTS=@OLD_CHARACTER_SET_RESULTS */;
/*!40101 SET COLLATION_CONNECTION=@OLD_COLLATION_CONNECTION */;
/*!40111 SET SQL_NOTES=@OLD_SQL_NOTES */;

-- Dump completed on 2019-12-03  0:12:28
